,Year,Month,Day,Time,Data Quality,Temp (°C),Temp Flag,Dew Point Temp (°C),Dew Point Temp Flag,Rel Hum (%),Rel Hum Flag,Wind Dir (10s deg),Wind Dir Flag,Wind Spd (km/h),Wind Spd Flag,Visibility (km),Visibility Flag,Stn Press (kPa),Stn Press Flag,Hmdx,Hmdx Flag,Wind Chill,Wind Chill Flag,Weather
0,2017,3,1,00:00, ,10.6,,7.1,,79.0,,,M,,M,,,99.16,,,,,,
1,2017,3,1,01:00, ,9.8,,8.5,,92.0,,,M,,M,,,99.05,,,,,,
2,2017,3,1,02:00, ,9.9,,9.0,,94.0,,,M,,M,,,98.83,,,,,,
3,2017,3,1,03:00, ,9.8,,8.9,,94.0,,,M,,M,,,98.61,,,,,,
4,2017,3,1,04:00, ,9.3,,8.5,,95.0,,,M,,M,,,98.4,,,,,,
5,2017,3,1,05:00, ,10.6,,9.8,,95.0,,,M,,M,,,98.35,,,,,,
6,2017,3,1,06:00, ,11.3,,10.4,,95.0,,,M,,M,,,98.25,,,,,,
7,2017,3,1,07:00, ,11.1,,10.2,,94.0,,,M,,M,,,98.21,,,,,,
8,2017,3,1,08:00, ,10.4,,9.3,,93.0,,,M,,M,,,98.03,,,,,,
9,2017,3,1,09:00, ,10.5,,9.4,,93.0,,,M,,M,,,98.12,,,,,,
10,2017,3,1,10:00, ,12.3,,9.8,,85.0,,,M,,M,,,97.99,,,,,,
11,2017,3,1,11:00, ,12.2,,8.8,,80.0,,,M,,M,,,97.89,,,,,,
12,2017,3,1,12:00, ,11.9,,8.2,,78.0,,,M,,M,,,97.92,,,,,,
13,2017,3,1,13:00, ,11.1,,7.7,,80.0,,,M,,M,,,97.87,,,,,,
14,2017,3,1,14:00, ,12.6,,8.8,,78.0,,,M,,M,,,97.83,,,,,,
15,2017,3,1,15:00, ,12.8,,8.4,,74.0,,,M,,M,,,97.73,,,,,,
16,2017,3,1,16:00, ,11.7,,7.5,,76.0,,,M,,M,,,97.66,,,,,,
17,2017,3,1,17:00, ,11.4,,8.7,,84.0,,,M,,M,,,97.59,,,,,,
18,2017,3,1,18:00, ,9.8,,7.1,,83.0,,,M,,M,,,97.56,,,,,,
19,2017,3,1,19:00, ,11.1,,6.9,,75.0,,,M,,M,,,97.65,,,,,,
20,2017,3,1,20:00, ,8.1,,3.3,,72.0,,,M,,M,,,97.89,,,,,,
21,2017,3,1,21:00, ,5.6,,0.3,,69.0,,,M,,M,,,98.07,,,,,,
22,2017,3,1,22:00, ,3.6,,-2.6,,64.0,,,M,,M,,,98.2,,,,,,
23,2017,3,1,23:00, ,1.5,,-4.5,,64.0,,,M,,M,,,98.32,,,,,,
24,2017,3,2,00:00, ,-0.1,,-5.9,,65.0,,,M,,M,,,98.44,,,,,,
25,2017,3,2,01:00, ,-1.8,,-9.1,,57.0,,,M,,M,,,98.64,,,,,,
26,2017,3,2,02:00, ,-4.7,,-12.7,,53.0,,,M,,M,,,98.88,,,,,,
27,2017,3,2,03:00, ,-5.7,,-13.0,,56.0,,,M,,M,,,99.03,,,,,,
28,2017,3,2,04:00, ,-5.8,,-11.1,,66.0,,,M,,M,,,99.25,,,,,,
29,2017,3,2,05:00, ,-6.1,,-11.8,,64.0,,,M,,M,,,99.45,,,,,,
30,2017,3,2,06:00, ,-6.3,,-12.2,,63.0,,,M,,M,,,99.62,,,,,,
31,2017,3,2,07:00, ,-5.9,,-11.8,,63.0,,,M,,M,,,99.77,,,,,,
32,2017,3,2,08:00, ,-5.9,,-11.4,,65.0,,,M,,M,,,99.92,,,,,,
33,2017,3,2,09:00, ,-5.5,,-11.9,,61.0,,,M,,M,,,100.08,,,,,,
34,2017,3,2,10:00, ,-4.8,,-12.5,,55.0,,,M,,M,,,100.17,,,,,,
35,2017,3,2,11:00, ,-3.9,,-12.2,,53.0,,,M,,M,,,100.26,,,,,,
36,2017,3,2,12:00, ,-1.7,,-11.4,,48.0,,,M,,M,,,100.31,,,,,,
37,2017,3,2,13:00, ,-2.7,,-12.9,,45.0,,,M,,M,,,100.33,,,,,,
38,2017,3,2,14:00, ,-2.3,,-14.4,,39.0,,,M,,M,,,100.36,,,,,,
39,2017,3,2,15:00, ,-1.7,,-12.7,,43.0,,,M,,M,,,100.39,,,,,,
40,2017,3,2,16:00, ,-2.0,,-13.0,,43.0,,,M,,M,,,100.44,,,,,,
41,2017,3,2,17:00, ,-2.2,,-12.7,,44.0,,,M,,M,,,100.5,,,,,,
42,2017,3,2,18:00, ,-2.8,,-12.5,,47.0,,,M,,M,,,100.61,,,,,,
43,2017,3,2,19:00, ,-3.5,,-12.0,,52.0,,,M,,M,,,100.73,,,,,,
44,2017,3,2,20:00, ,-4.5,,-13.9,,48.0,,,M,,M,,,100.8,,,,,,
45,2017,3,2,21:00, ,-5.3,,-12.3,,58.0,,,M,,M,,,100.88,,,,,,
46,2017,3,2,22:00, ,-5.4,,-11.6,,61.0,,,M,,M,,,100.89,,,,,,
47,2017,3,2,23:00, ,-5.4,,-11.7,,61.0,,,M,,M,,,100.88,,,,,,
48,2017,3,3,00:00, ,-5.6,,-11.5,,63.0,,,M,,M,,,100.85,,,,,,
49,2017,3,3,01:00, ,-5.4,,-11.0,,64.0,,,M,,M,,,100.87,,,,,,
50,2017,3,3,02:00, ,-5.6,,-10.9,,67.0,,,M,,M,,,100.87,,,,,,
51,2017,3,3,03:00, ,-5.4,,-10.6,,67.0,,,M,,M,,,100.82,,,,,,
52,2017,3,3,04:00, ,-4.9,,-10.0,,67.0,,,M,,M,,,100.8,,,,,,
53,2017,3,3,05:00, ,-4.9,,-9.9,,68.0,,,M,,M,,,100.8,,,,,,
54,2017,3,3,06:00, ,-4.8,,-9.5,,70.0,,,M,,M,,,100.81,,,,,,
55,2017,3,3,07:00, ,-5.0,,-7.6,,82.0,,,M,,M,,,100.84,,,,,,
56,2017,3,3,08:00, ,-4.4,,-9.3,,68.0,,,M,,M,,,100.93,,,,,,
57,2017,3,3,09:00, ,-5.2,,-12.6,,56.0,,,M,,M,,,101.05,,,,,,
58,2017,3,3,10:00, ,-4.8,,-16.2,,41.0,,,M,,M,,,101.15,,,,,,
59,2017,3,3,11:00, ,-5.4,,-18.9,,34.0,,,M,,M,,,101.28,,,,,,
60,2017,3,3,12:00, ,-5.8,,-16.1,,44.0,,,M,,M,,,101.38,,,,,,
61,2017,3,3,13:00, ,-5.6,,-13.8,,53.0,,,M,,M,,,101.44,,,,,,
62,2017,3,3,14:00, ,-6.7,,-12.3,,64.0,,,M,,M,,,101.52,,,,,,
63,2017,3,3,15:00, ,-6.5,,-13.4,,58.0,,,M,,M,,,101.57,,,,,,
64,2017,3,3,16:00, ,-5.9,,-18.2,,37.0,,,M,,M,,,101.63,,,,,,
65,2017,3,3,17:00, ,-6.6,,-18.7,,38.0,,,M,,M,,,101.72,,,,,,
66,2017,3,3,18:00, ,-7.3,,-20.2,,35.0,,,M,,M,,,101.79,,,,,,
67,2017,3,3,19:00, ,-7.3,,-17.8,,43.0,,,M,,M,,,101.84,,,,,,
68,2017,3,3,20:00, ,-7.7,,-16.5,,50.0,,,M,,M,,,101.86,,,,,,
69,2017,3,3,21:00, ,-8.0,,-15.2,,56.0,,,M,,M,,,101.9,,,,,,
70,2017,3,3,22:00, ,-8.0,,-14.5,,59.0,,,M,,M,,,101.9,,,,,,
71,2017,3,3,23:00, ,-8.0,,-13.8,,63.0,,,M,,M,,,101.88,,,,,,
72,2017,3,4,00:00, ,-7.7,,-13.3,,64.0,,,M,,M,,,101.89,,,,,,
73,2017,3,4,01:00, ,-7.6,,-10.6,,79.0,,,M,,M,,,101.9,,,,,,
74,2017,3,4,02:00, ,-7.5,,-10.5,,79.0,,,M,,M,,,101.91,,,,,,
75,2017,3,4,03:00, ,-7.2,,-11.5,,72.0,,,M,,M,,,101.91,,,,,,
76,2017,3,4,04:00, ,-7.3,,-11.6,,71.0,,,M,,M,,,101.95,,,,,,
77,2017,3,4,05:00, ,-9.3,,-14.5,,66.0,,,M,,M,,,102.08,,,,,,
78,2017,3,4,06:00, ,-9.9,,-17.4,,54.0,,,M,,M,,,102.18,,,,,,
79,2017,3,4,07:00, ,-11.3,,-19.0,,53.0,,,M,,M,,,102.32,,,,,,
80,2017,3,4,08:00, ,-11.9,,-19.4,,54.0,,,M,,M,,,102.42,,,,,,
81,2017,3,4,09:00, ,-11.3,,-19.0,,53.0,,,M,,M,,,102.52,,,,,,
82,2017,3,4,10:00, ,-11.1,,-21.9,,41.0,,,M,,M,,,102.59,,,,,,
83,2017,3,4,11:00, ,-9.4,,-20.5,,40.0,,,M,,M,,,102.63,,,,,,
84,2017,3,4,12:00, ,-9.2,,-22.4,,33.0,,,M,,M,,,102.65,,,,,,
85,2017,3,4,13:00, ,-8.2,,-21.8,,33.0,,,M,,M,,,102.62,,,,,,
86,2017,3,4,14:00, ,-7.3,,-20.3,,34.0,,,M,,M,,,102.57,,,,,,
87,2017,3,4,15:00, ,-7.2,,-21.5,,31.0,,,M,,M,,,102.55,,,,,,
88,2017,3,4,16:00, ,-7.2,,-23.6,,26.0,,,M,,M,,,102.53,,,,,,
89,2017,3,4,17:00, ,-7.0,,-21.7,,30.0,,,M,,M,,,102.51,,,,,,
90,2017,3,4,18:00, ,-7.4,,-21.3,,32.0,,,M,,M,,,102.54,,,,,,
91,2017,3,4,19:00, ,-8.1,,-21.2,,34.0,,,M,,M,,,102.58,,,,,,
92,2017,3,4,20:00, ,-8.6,,-20.8,,37.0,,,M,,M,,,102.58,,,,,,
93,2017,3,4,21:00, ,-9.1,,-20.4,,40.0,,,M,,M,,,102.6,,,,,,
94,2017,3,4,22:00, ,-9.4,,-19.7,,43.0,,,M,,M,,,102.62,,,,,,
95,2017,3,4,23:00, ,-9.7,,-19.0,,47.0,,,M,,M,,,102.59,,,,,,
96,2017,3,5,00:00, ,-9.9,,-18.9,,48.0,,,M,,M,,,102.64,,,,,,
97,2017,3,5,01:00, ,-10.2,,-19.1,,48.0,,,M,,M,,,102.64,,,,,,
98,2017,3,5,02:00, ,-10.4,,-19.2,,48.0,,,M,,M,,,102.65,,,,,,
99,2017,3,5,03:00, ,-10.2,,-18.9,,49.0,,,M,,M,,,102.67,,,,,,
100,2017,3,5,04:00, ,-10.5,,-18.9,,50.0,,,M,,M,,,102.66,,,,,,
101,2017,3,5,05:00, ,-10.3,,-17.6,,55.0,,,M,,M,,,102.61,,,,,,
102,2017,3,5,06:00, ,-10.3,,-16.3,,61.0,,,M,,M,,,102.57,,,,,,
103,2017,3,5,07:00, ,-9.8,,-14.5,,69.0,,,M,,M,,,102.59,,,,,,
104,2017,3,5,08:00, ,-8.6,,-13.1,,70.0,,,M,,M,,,102.55,,,,,,
105,2017,3,5,09:00, ,-6.5,,-12.2,,64.0,,,M,,M,,,102.53,,,,,,
106,2017,3,5,10:00, ,-5.7,,-10.3,,70.0,,,M,,M,,,102.47,,,,,,
107,2017,3,5,11:00, ,-5.5,,-9.6,,73.0,,,M,,M,,,102.43,,,,,,
108,2017,3,5,12:00, ,-4.9,,-10.7,,64.0,,,M,,M,,,102.37,,,,,,
109,2017,3,5,13:00, ,-4.4,,-10.0,,65.0,,,M,,M,,,102.28,,,,,,
110,2017,3,5,14:00, ,-3.8,,-9.5,,65.0,,,M,,M,,,102.19,,,,,,
111,2017,3,5,15:00, ,-4.1,,-10.2,,62.0,,,M,,M,,,102.1,,,,,,
112,2017,3,5,16:00, ,-3.9,,-9.9,,63.0,,,M,,M,,,102.01,,,,,,
113,2017,3,5,17:00, ,-3.6,,-9.6,,63.0,,,M,,M,,,101.92,,,,,,
114,2017,3,5,18:00, ,-3.2,,-8.6,,66.0,,,M,,M,,,101.85,,,,,,
115,2017,3,5,19:00, ,-2.6,,-8.1,,66.0,,,M,,M,,,101.76,,,,,,
116,2017,3,5,20:00, ,-1.9,,-7.1,,67.0,,,M,,M,,,101.69,,,,,,
117,2017,3,5,21:00, ,-1.3,,-6.6,,67.0,,,M,,M,,,101.63,,,,,,
118,2017,3,5,22:00, ,-1.1,,-7.0,,64.0,,,M,,M,,,101.55,,,,,,
119,2017,3,5,23:00, ,-0.7,,-7.4,,60.0,,,M,,M,,,101.49,,,,,,
120,2017,3,6,00:00, ,-0.6,,-6.4,,65.0,,,M,,M,,,101.44,,,,,,
121,2017,3,6,01:00, ,-0.4,,-6.3,,64.0,,,M,,M,,,101.38,,,,,,
122,2017,3,6,02:00, ,0.2,,-5.8,,64.0,,,M,,M,,,101.39,,,,,,
123,2017,3,6,03:00, ,0.5,,-5.3,,65.0,,,M,,M,,,101.31,,,,,,
124,2017,3,6,04:00, ,0.6,,-4.6,,68.0,,,M,,M,,,101.18,,,,,,
125,2017,3,6,05:00, ,0.9,,-3.9,,71.0,,,M,,M,,,101.17,,,,,,
126,2017,3,6,06:00, ,1.0,,-3.8,,70.0,,,M,,M,,,101.13,,,,,,
127,2017,3,6,07:00,,,,,,,,,,,,,,,,,,,,
128,2017,3,6,08:00, ,2.0,,-3.7,,66.0,,,M,,M,,,101.07,,,,,,
129,2017,3,6,09:00, ,2.2,,-2.6,,71.0,,,M,,M,,,101.04,,,,,,
130,2017,3,6,10:00, ,2.4,,-2.2,,71.0,,,M,,M,,,101.02,,,,,,
131,2017,3,6,11:00, ,3.6,,-1.6,,69.0,,,M,,M,,,100.99,,,,,,
132,2017,3,6,12:00, ,4.6,,-1.6,,64.0,,,M,,M,,,100.93,,,,,,
133,2017,3,6,13:00, ,4.0,,-1.7,,66.0,,,M,,M,,,100.87,,,,,,
134,2017,3,6,14:00, ,4.1,,-1.1,,69.0,,,M,,M,,,100.8,,,,,,
135,2017,3,6,15:00, ,3.7,,-0.1,,76.0,,,M,,M,,,100.75,,,,,,
136,2017,3,6,16:00, ,3.7,,-0.7,,73.0,,,M,,M,,,100.69,,,,,,
137,2017,3,6,17:00, ,3.7,,-0.5,,74.0,,,M,,M,,,100.65,,,,,,
138,2017,3,6,18:00, ,3.6,,-0.7,,74.0,,,M,,M,,,100.64,,,,,,
139,2017,3,6,19:00, ,4.0,,-0.5,,72.0,,,M,,M,,,100.6,,,,,,
140,2017,3,6,20:00, ,4.6,,0.1,,72.0,,,M,,M,,,100.58,,,,,,
141,2017,3,6,21:00, ,5.5,,1.4,,75.0,,,M,,M,,,100.52,,,,,,
142,2017,3,6,22:00, ,6.5,,2.7,,77.0,,,M,,M,,,100.49,,,,,,
143,2017,3,6,23:00, ,5.9,,4.6,,91.0,,,M,,M,,,100.41,,,,,,
144,2017,3,7,00:00, ,6.2,,5.2,,93.0,,,M,,M,,,100.33,,,,,,
145,2017,3,7,01:00, ,6.4,,5.5,,94.0,,,M,,M,,,100.27,,,,,,
146,2017,3,7,02:00, ,7.0,,6.3,,95.0,,,M,,M,,,100.18,,,,,,
147,2017,3,7,03:00, ,8.5,,7.7,,95.0,,,M,,M,,,100.09,,,,,,
148,2017,3,7,04:00, ,8.9,,8.1,,95.0,,,M,,M,,,100.0,,,,,,
149,2017,3,7,05:00, ,7.5,,6.8,,96.0,,,M,,M,,,99.93,,,,,,
150,2017,3,7,06:00, ,9.6,,8.9,,95.0,,,M,,M,,,99.89,,,,,,
151,2017,3,7,07:00, ,9.8,,8.8,,93.0,,,M,,M,,,99.84,,,,,,
152,2017,3,7,08:00, ,9.8,,8.6,,92.0,,,M,,M,,,99.86,,,,,,
153,2017,3,7,09:00, ,9.5,,7.9,,90.0,,,M,,M,,,99.84,,,,,,
154,2017,3,7,10:00, ,9.7,,7.7,,87.0,,,M,,M,,,99.75,,,,,,
155,2017,3,7,11:00, ,9.6,,7.4,,86.0,,,M,,M,,,99.67,,,,,,
156,2017,3,7,12:00, ,9.7,,7.7,,87.0,,,M,,M,,,99.6,,,,,,
157,2017,3,7,13:00, ,10.0,,7.4,,84.0,,,M,,M,,,99.55,,,,,,
158,2017,3,7,14:00, ,10.3,,8.2,,87.0,,,M,,M,,,99.44,,,,,,
159,2017,3,7,15:00, ,10.5,,8.3,,86.0,,,M,,M,,,99.46,,,,,,
160,2017,3,7,16:00, ,10.8,,8.4,,85.0,,,M,,M,,,99.45,,,,,,
161,2017,3,7,17:00, ,9.9,,8.4,,91.0,,,M,,M,,,99.45,,,,,,
162,2017,3,7,18:00, ,10.4,,8.6,,89.0,,,M,,M,,,99.44,,,,,,
163,2017,3,7,19:00, ,9.5,,6.6,,82.0,,,M,,M,,,99.59,,,,,,
164,2017,3,7,20:00, ,8.0,,3.9,,75.0,,,M,,M,,,99.54,,,,,,
165,2017,3,7,21:00, ,7.9,,2.8,,70.0,,,M,,M,,,99.67,,,,,,
166,2017,3,7,22:00, ,7.1,,-0.5,,59.0,,,M,,M,,,99.71,,,,,,
167,2017,3,7,23:00, ,6.9,,-0.6,,59.0,,,M,,M,,,99.73,,,,,,
168,2017,3,8,00:00, ,7.5,,-0.7,,56.0,,,M,,M,,,99.76,,,,,,
169,2017,3,8,01:00, ,7.1,,-1.3,,55.0,,,M,,M,,,99.79,,,,,,
170,2017,3,8,02:00, ,6.4,,-1.8,,56.0,,,M,,M,,,99.8,,,,,,
171,2017,3,8,03:00, ,5.4,,-2.2,,58.0,,,M,,M,,,99.81,,,,,,
172,2017,3,8,04:00, ,4.6,,-2.5,,60.0,,,M,,M,,,99.8,,,,,,
173,2017,3,8,05:00, ,3.9,,-1.7,,67.0,,,M,,M,,,99.77,,,,,,
174,2017,3,8,06:00, ,4.0,,-2.5,,62.0,,,M,,M,,,99.73,,,,,,
175,2017,3,8,07:00, ,4.1,,-1.6,,67.0,,,M,,M,,,99.69,,,,,,
176,2017,3,8,08:00, ,4.9,,-1.2,,65.0,,,M,,M,,,99.61,,,,,,
177,2017,3,8,09:00, ,6.5,,-1.1,,58.0,,,M,,M,,,99.47,,,,,,
178,2017,3,8,10:00, ,7.7,,-0.4,,57.0,,,M,,M,,,99.37,,,,,,
179,2017,3,8,11:00, ,9.2,,-6.5,,32.0,,,M,,M,,,99.29,,,,,,
180,2017,3,8,12:00, ,10.6,,-5.4,,32.0,,,M,,M,,,99.17,,,,,,
181,2017,3,8,13:00, ,9.9,,-5.4,,33.0,,,M,,M,,,99.11,,,,,,
182,2017,3,8,14:00, ,9.8,,-6.8,,31.0,,,M,,M,,,99.05,,,,,,
183,2017,3,8,15:00, ,9.8,,-10.0,,24.0,,,M,,M,,,99.04,,,,,,
184,2017,3,8,16:00, ,9.3,,-7.8,,29.0,,,M,,M,,,99.12,,,,,,
185,2017,3,8,17:00, ,8.1,,-8.5,,30.0,,,M,,M,,,99.22,,,,,,
186,2017,3,8,18:00, ,6.8,,-7.4,,35.0,,,M,,M,,,99.34,,,,,,
187,2017,3,8,19:00, ,5.5,,-6.1,,43.0,,,M,,M,,,99.43,,,,,,
188,2017,3,8,20:00, ,5.2,,-6.2,,44.0,,,M,,M,,,99.47,,,,,,
189,2017,3,8,21:00, ,5.1,,-6.1,,44.0,,,M,,M,,,99.57,,,,,,
190,2017,3,8,22:00, ,4.3,,-9.1,,37.0,,,M,,M,,,99.64,,,,,,
191,2017,3,8,23:00, ,3.6,,-9.4,,38.0,,,M,,M,,,99.69,,,,,,
192,2017,3,9,00:00, ,3.1,,-8.7,,42.0,,,M,,M,,,99.74,,,,,,
193,2017,3,9,01:00, ,2.4,,-7.9,,46.0,,,M,,M,,,99.87,,,,,,
194,2017,3,9,02:00, ,1.0,,-9.5,,45.0,,,M,,M,,,100.01,,,,,,
195,2017,3,9,03:00, ,-0.3,,-7.5,,58.0,,,M,,M,,,100.07,,,,,,
196,2017,3,9,04:00, ,-0.8,,-7.1,,62.0,,,M,,M,,,100.1,,,,,,
197,2017,3,9,05:00, ,-0.9,,-6.9,,64.0,,,M,,M,,,100.17,,,,,,
198,2017,3,9,06:00, ,-1.0,,-7.1,,63.0,,,M,,M,,,100.23,,,,,,
199,2017,3,9,07:00, ,-0.8,,-7.8,,59.0,,,M,,M,,,100.31,,,,,,
200,2017,3,9,08:00, ,-0.3,,-7.9,,56.0,,,M,,M,,,100.38,,,,,,
201,2017,3,9,09:00, ,-0.1,,-9.8,,48.0,,,M,,M,,,100.45,,,,,,
202,2017,3,9,10:00, ,0.8,,-9.1,,47.0,,,M,,M,,,100.47,,,,,,
203,2017,3,9,11:00, ,1.3,,-9.0,,46.0,,,M,,M,,,100.55,,,,,,
204,2017,3,9,12:00, ,3.2,,-7.9,,44.0,,,M,,M,,,100.52,,,,,,
205,2017,3,9,13:00, ,2.9,,-8.9,,41.0,,,M,,M,,,100.47,,,,,,
206,2017,3,9,14:00, ,3.3,,-8.7,,41.0,,,M,,M,,,100.41,,,,,,
207,2017,3,9,15:00, ,3.4,,-8.6,,41.0,,,M,,M,,,100.42,,,,,,
208,2017,3,9,16:00, ,3.3,,-8.9,,41.0,,,M,,M,,,100.4,,,,,,
209,2017,3,9,17:00, ,2.9,,-8.5,,43.0,,,M,,M,,,100.41,,,,,,
210,2017,3,9,18:00, ,2.1,,-8.7,,45.0,,,M,,M,,,100.41,,,,,,
211,2017,3,9,19:00, ,1.6,,-8.6,,47.0,,,M,,M,,,100.46,,,,,,
212,2017,3,9,20:00, ,1.1,,-8.6,,48.0,,,M,,M,,,100.53,,,,,,
213,2017,3,9,21:00, ,0.7,,-9.8,,45.0,,,M,,M,,,100.49,,,,,,
214,2017,3,9,22:00, ,0.6,,-9.3,,48.0,,,M,,M,,,100.45,,,,,,
215,2017,3,9,23:00, ,0.1,,-8.7,,51.0,,,M,,M,,,100.37,,,,,,
216,2017,3,10,00:00, ,-0.1,,-8.2,,55.0,,,M,,M,,,100.31,,,,,,
217,2017,3,10,01:00, ,-0.3,,-8.2,,55.0,,,M,,M,,,100.28,,,,,,
218,2017,3,10,02:00, ,-1.0,,-8.2,,58.0,,,M,,M,,,100.18,,,,,,
219,2017,3,10,03:00, ,-1.3,,-7.6,,62.0,,,M,,M,,,100.14,,,,,,
220,2017,3,10,04:00, ,-2.2,,-9.1,,59.0,,,M,,M,,,100.13,,,,,,
221,2017,3,10,05:00, ,-2.6,,-10.0,,57.0,,,M,,M,,,100.19,,,,,,
222,2017,3,10,06:00, ,-3.2,,-10.2,,59.0,,,M,,M,,,100.28,,,,,,
223,2017,3,10,07:00, ,-4.0,,-11.0,,58.0,,,M,,M,,,100.3,,,,,,
224,2017,3,10,08:00, ,-4.3,,-10.4,,62.0,,,M,,M,,,100.38,,,,,,
225,2017,3,10,09:00, ,-4.6,,-12.5,,54.0,,,M,,M,,,100.41,,,,,,
226,2017,3,10,10:00, ,-4.5,,-12.2,,55.0,,,M,,M,,,100.42,,,,,,
227,2017,3,10,11:00, ,-4.2,,-14.7,,44.0,,,M,,M,,,100.44,,,,,,
228,2017,3,10,12:00, ,-4.0,,-13.3,,48.0,,,M,,M,,,100.45,,,,,,
229,2017,3,10,13:00, ,-4.7,,-17.5,,36.0,,,M,,M,,,100.45,,,,,,
230,2017,3,10,14:00, ,-5.0,,-18.5,,34.0,,,M,,M,,,100.46,,,,,,
231,2017,3,10,15:00, ,-6.1,,-19.4,,34.0,,,M,,M,,,100.52,,,,,,
232,2017,3,10,16:00, ,-7.2,,-18.0,,42.0,,,M,,M,,,100.59,,,,,,
233,2017,3,10,17:00, ,-8.1,,-20.2,,37.0,,,M,,M,,,100.67,,,,,,
234,2017,3,10,18:00, ,-8.4,,-19.1,,42.0,,,M,,M,,,100.72,,,,,,
235,2017,3,10,19:00, ,-9.2,,-18.2,,48.0,,,M,,M,,,100.76,,,,,,
236,2017,3,10,20:00, ,-9.2,,-17.7,,50.0,,,M,,M,,,100.8,,,,,,
237,2017,3,10,21:00, ,-9.3,,-16.6,,55.0,,,M,,M,,,100.8,,,,,,
238,2017,3,10,22:00, ,-9.0,,-15.8,,58.0,,,M,,M,,,100.8,,,,,,
239,2017,3,10,23:00, ,-8.8,,-15.3,,59.0,,,M,,M,,,100.79,,,,,,
240,2017,3,11,00:00, ,-8.5,,-15.7,,56.0,,,M,,M,,,100.76,,,,,,
241,2017,3,11,01:00, ,-8.6,,-15.6,,57.0,,,M,,M,,,100.76,,,,,,
242,2017,3,11,02:00, ,-10.7,,-14.9,,72.0,,,M,,M,,,100.81,,,,,,
243,2017,3,11,03:00, ,-11.6,,-15.9,,71.0,,,M,,M,,,100.84,,,,,,
244,2017,3,11,04:00, ,-11.8,,-16.4,,68.0,,,M,,M,,,100.87,,,,,,
245,2017,3,11,05:00, ,-11.7,,-19.5,,52.0,,,M,,M,,,100.91,,,,,,
246,2017,3,11,06:00, ,-11.7,,-19.2,,53.0,,,M,,M,,,100.96,,,,,,
247,2017,3,11,07:00, ,-12.2,,-18.2,,61.0,,,M,,M,,,101.01,,,,,,
248,2017,3,11,08:00, ,-11.6,,-17.8,,60.0,,,M,,M,,,101.06,,,,,,
249,2017,3,11,09:00, ,-11.0,,-17.5,,59.0,,,M,,M,,,101.08,,,,,,
250,2017,3,11,10:00, ,-9.0,,-18.2,,47.0,,,M,,M,,,101.05,,,,,,
251,2017,3,11,11:00, ,-6.3,,-16.5,,44.0,,,M,,M,,,101.04,,,,,,
252,2017,3,11,12:00, ,-6.8,,-19.0,,37.0,,,M,,M,,,101.06,,,,,,
253,2017,3,11,13:00, ,-6.1,,-18.3,,37.0,,,M,,M,,,101.06,,,,,,
254,2017,3,11,14:00, ,-6.0,,-17.4,,40.0,,,M,,M,,,101.05,,,,,,
255,2017,3,11,15:00, ,-5.8,,-15.2,,47.0,,,M,,M,,,101.06,,,,,,
256,2017,3,11,16:00, ,-6.5,,-16.1,,46.0,,,M,,M,,,101.08,,,,,,
257,2017,3,11,17:00, ,-6.1,,-14.7,,51.0,,,M,,M,,,101.09,,,,,,
258,2017,3,11,18:00, ,-7.9,,-12.1,,72.0,,,M,,M,,,101.17,,,,,,
259,2017,3,11,19:00, ,-8.4,,-12.3,,74.0,,,M,,M,,,101.21,,,,,,
260,2017,3,11,20:00, ,-8.5,,-13.3,,69.0,,,M,,M,,,101.28,,,,,,
261,2017,3,11,21:00, ,-9.0,,-13.7,,68.0,,,M,,M,,,101.31,,,,,,
262,2017,3,11,22:00, ,-9.9,,-14.1,,71.0,,,M,,M,,,101.38,,,,,,
263,2017,3,11,23:00, ,-10.1,,-14.6,,70.0,,,M,,M,,,101.41,,,,,,
264,2017,3,12,00:00, ,-10.4,,-15.6,,66.0,,,M,,M,,,101.41,,,,,,
265,2017,3,12,01:00, ,-10.6,,-16.0,,64.0,,,M,,M,,,101.4,,,,,,
266,2017,3,12,02:00, ,-10.8,,-18.1,,55.0,,,M,,M,,,101.44,,,,,,
267,2017,3,12,03:00, ,-10.8,,-18.6,,53.0,,,M,,M,,,101.43,,,,,,
268,2017,3,12,04:00, ,-11.2,,-20.1,,48.0,,,M,,M,,,101.48,,,,,,
269,2017,3,12,05:00, ,-11.8,,-21.5,,45.0,,,M,,M,,,101.52,,,,,,
270,2017,3,12,06:00, ,-12.3,,-23.0,,40.0,,,M,,M,,,101.54,,,,,,
271,2017,3,12,07:00, ,-12.3,,-23.1,,40.0,,,M,,M,,,101.57,,,,,,
272,2017,3,12,08:00, ,-12.0,,-22.2,,42.0,,,M,,M,,,101.6,,,,,,
273,2017,3,12,09:00, ,-11.4,,-21.5,,43.0,,,M,,M,,,101.64,,,,,,
274,2017,3,12,10:00, ,-10.5,,-19.9,,46.0,,,M,,M,,,101.61,,,,,,
275,2017,3,12,11:00, ,-8.5,,-18.2,,45.0,,,M,,M,,,101.6,,,,,,
276,2017,3,12,12:00, ,-7.1,,-16.6,,46.0,,,M,,M,,,101.6,,,,,,
277,2017,3,12,13:00, ,-6.4,,-14.9,,51.0,,,M,,M,,,101.58,,,,,,
278,2017,3,12,14:00, ,-4.9,,-13.7,,50.0,,,M,,M,,,101.53,,,,,,
279,2017,3,12,15:00, ,-5.1,,-14.2,,49.0,,,M,,M,,,101.51,,,,,,
280,2017,3,12,16:00, ,-4.4,,-16.0,,40.0,,,M,,M,,,101.49,,,,,,
281,2017,3,12,17:00, ,-4.4,,-18.0,,34.0,,,M,,M,,,101.52,,,,,,
282,2017,3,12,18:00, ,-5.5,,-17.5,,38.0,,,M,,M,,,101.63,,,,,,
283,2017,3,12,19:00, ,-6.2,,-16.0,,46.0,,,M,,M,,,101.7,,,,,,
284,2017,3,12,20:00, ,-7.0,,-15.6,,50.0,,,M,,M,,,101.7,,,,,,
285,2017,3,12,21:00, ,-7.5,,-16.3,,49.0,,,M,,M,,,101.7,,,,,,
286,2017,3,12,22:00, ,-8.1,,-17.0,,49.0,,,M,,M,,,101.75,,,,,,
287,2017,3,12,23:00, ,-8.6,,-16.2,,54.0,,,M,,M,,,101.77,,,,,,
288,2017,3,13,00:00, ,-9.5,,-15.7,,61.0,,,M,,M,,,101.81,,,,,,
289,2017,3,13,01:00, ,-9.9,,-16.7,,57.0,,,M,,M,,,101.84,,,,,,
290,2017,3,13,02:00, ,-9.8,,-17.0,,56.0,,,M,,M,,,101.86,,,,,,
291,2017,3,13,03:00, ,-10.2,,-18.7,,50.0,,,M,,M,,,101.81,,,,,,
292,2017,3,13,04:00, ,-10.0,,-18.9,,48.0,,,M,,M,,,101.79,,,,,,
293,2017,3,13,05:00, ,-9.9,,-20.0,,44.0,,,M,,M,,,101.79,,,,,,
294,2017,3,13,06:00, ,-9.7,,-22.4,,35.0,,,M,,M,,,101.85,,,,,,
295,2017,3,13,07:00, ,-9.2,,-20.2,,41.0,,,M,,M,,,101.88,,,,,,
296,2017,3,13,08:00, ,-8.9,,-18.8,,45.0,,,M,,M,,,101.85,,,,,,
297,2017,3,13,09:00, ,-7.9,,-16.4,,51.0,,,M,,M,,,101.76,,,,,,
298,2017,3,13,10:00, ,-7.0,,-13.5,,60.0,,,M,,M,,,101.68,,,,,,
299,2017,3,13,11:00, ,-6.1,,-11.6,,65.0,,,M,,M,,,101.67,,,,,,
300,2017,3,13,12:00, ,-6.3,,-9.8,,76.0,,,M,,M,,,101.63,,,,,,
301,2017,3,13,13:00, ,-6.0,,-8.9,,80.0,,,M,,M,,,101.53,,,,,,
302,2017,3,13,14:00, ,-6.5,,-9.2,,81.0,,,M,,M,,,101.47,,,,,,
303,2017,3,13,15:00, ,-6.8,,-11.1,,71.0,,,M,,M,,,101.41,,,,,,
304,2017,3,13,16:00, ,-6.9,,-11.0,,72.0,,,M,,M,,,101.35,,,,,,
305,2017,3,13,17:00, ,-7.4,,-11.7,,71.0,,,M,,M,,,101.33,,,,,,
306,2017,3,13,18:00, ,-7.6,,-10.7,,79.0,,,M,,M,,,101.3,,,,,,
307,2017,3,13,19:00, ,-7.9,,-11.1,,77.0,,,M,,M,,,101.3,,,,,,
308,2017,3,13,20:00, ,-7.9,,-11.7,,75.0,,,M,,M,,,101.29,,,,,,
309,2017,3,13,21:00, ,-8.1,,-11.7,,76.0,,,M,,M,,,101.25,,,,,,
310,2017,3,13,22:00, ,-7.9,,-11.4,,76.0,,,M,,M,,,101.18,,,,,,
311,2017,3,13,23:00, ,-8.1,,-11.4,,77.0,,,M,,M,,,101.12,,,,,,
312,2017,3,14,00:00, ,-8.4,,-11.7,,77.0,,,M,,M,,,101.05,,,,,,
313,2017,3,14,01:00, ,-8.7,,-12.0,,77.0,,,M,,M,,,100.98,,,,,,
314,2017,3,14,02:00, ,-8.7,,-11.8,,78.0,,,M,,M,,,100.92,,,,,,
315,2017,3,14,03:00, ,-9.1,,-12.2,,78.0,,,M,,M,,,100.83,,,,,,
316,2017,3,14,04:00, ,-9.5,,-12.6,,78.0,,,M,,M,,,100.74,,,,,,
317,2017,3,14,05:00, ,-9.9,,-12.6,,81.0,,,M,,M,,,100.72,,,,,,
318,2017,3,14,06:00, ,-10.1,,-12.7,,81.0,,,M,,M,,,100.69,,,,,,
319,2017,3,14,07:00, ,-10.0,,-12.9,,79.0,,,M,,M,,,100.65,,,,,,
320,2017,3,14,08:00, ,-10.0,,-13.2,,77.0,,,M,,M,,,100.6,,,,,,
321,2017,3,14,09:00, ,-9.9,,-13.2,,77.0,,,M,,M,,,100.55,,,,,,
322,2017,3,14,10:00, ,-9.6,,-12.7,,78.0,,,M,,M,,,100.44,,,,,,
323,2017,3,14,11:00, ,-9.3,,-12.8,,76.0,,,M,,M,,,100.37,,,,,,
324,2017,3,14,12:00, ,-8.9,,-12.4,,76.0,,,M,,M,,,100.28,,,,,,
325,2017,3,14,13:00, ,-8.3,,-12.4,,72.0,,,M,,M,,,100.14,,,,,,
326,2017,3,14,14:00, ,-7.9,,-12.4,,70.0,,,M,,M,,,100.09,,,,,,
327,2017,3,14,15:00, ,-7.5,,-12.5,,67.0,,,M,,M,,,100.09,,,,,,
328,2017,3,14,16:00, ,-7.5,,-11.6,,72.0,,,M,,M,,,100.06,,,,,,
329,2017,3,14,17:00, ,-7.9,,-10.9,,79.0,,,M,,M,,,100.02,,,,,,
330,2017,3,14,18:00, ,-7.7,,-11.3,,75.0,,,M,,M,,,100.03,,,,,,
331,2017,3,14,19:00, ,-7.8,,-12.1,,72.0,,,M,,M,,,100.04,,,,,,
332,2017,3,14,20:00, ,-8.2,,-11.2,,79.0,,,M,,M,,,100.02,,,,,,
333,2017,3,14,21:00, ,-8.4,,-11.2,,80.0,,,M,,M,,,99.96,,,,,,
334,2017,3,14,22:00, ,-8.4,,-11.6,,78.0,,,M,,M,,,99.88,,,,,,
335,2017,3,14,23:00, ,-8.3,,-13.7,,65.0,,,M,,M,,,99.77,,,,,,
336,2017,3,15,00:00, ,-8.6,,-13.6,,67.0,,,M,,M,,,99.69,,,,,,
337,2017,3,15,01:00, ,-8.9,,-13.7,,68.0,,,M,,M,,,99.64,,,,,,
338,2017,3,15,02:00, ,-9.1,,-14.4,,66.0,,,M,,M,,,99.59,,,,,,
339,2017,3,15,03:00, ,-9.3,,-14.5,,65.0,,,M,,M,,,99.47,,,,,,
340,2017,3,15,04:00, ,-9.0,,-13.4,,70.0,,,M,,M,,,99.42,,,,,,
341,2017,3,15,05:00, ,-8.9,,-13.1,,71.0,,,M,,M,,,99.43,,,,,,
342,2017,3,15,06:00, ,-8.8,,-12.4,,75.0,,,M,,M,,,99.45,,,,,,
343,2017,3,15,07:00, ,-8.6,,-12.1,,76.0,,,M,,M,,,99.48,,,,,,
344,2017,3,15,08:00, ,-8.1,,-11.5,,77.0,,,M,,M,,,99.51,,,,,,
345,2017,3,15,09:00, ,-7.6,,-12.7,,67.0,,,M,,M,,,99.53,,,,,,
346,2017,3,15,10:00, ,-6.2,,-13.1,,58.0,,,M,,M,,,99.56,,,,,,
347,2017,3,15,11:00, ,-5.2,,-14.3,,49.0,,,M,,M,,,99.57,,,,,,
348,2017,3,15,12:00, ,-4.8,,-13.7,,50.0,,,M,,M,,,99.64,,,,,,
349,2017,3,15,13:00, ,-4.4,,-13.7,,48.0,,,M,,M,,,99.65,,,,,,
350,2017,3,15,14:00, ,-3.9,,-13.3,,48.0,,,M,,M,,,99.7,,,,,,
351,2017,3,15,15:00, ,-3.5,,-14.0,,44.0,,,M,,M,,,99.73,,,,,,
352,2017,3,15,16:00, ,-3.4,,-13.7,,45.0,,,M,,M,,,99.79,,,,,,
353,2017,3,15,17:00, ,-3.2,,-13.7,,44.0,,,M,,M,,,99.85,,,,,,
354,2017,3,15,18:00, ,-3.0,,-14.2,,42.0,,,M,,M,,,99.94,,,,,,
355,2017,3,15,19:00, ,-3.4,,-14.8,,41.0,,,M,,M,,,100.01,,,,,,
356,2017,3,15,20:00, ,-4.1,,-13.3,,48.0,,,M,,M,,,100.06,,,,,,
357,2017,3,15,21:00, ,-4.1,,-13.2,,49.0,,,M,,M,,,100.12,,,,,,
358,2017,3,15,22:00, ,-4.1,,-14.1,,46.0,,,M,,M,,,100.14,,,,,,
359,2017,3,15,23:00, ,-4.6,,-13.7,,49.0,,,M,,M,,,100.14,,,,,,
360,2017,3,16,00:00, ,-4.9,,-13.2,,52.0,,,M,,M,,,100.15,,,,,,
361,2017,3,16,01:00, ,-5.6,,-13.3,,55.0,,,M,,M,,,100.17,,,,,,
362,2017,3,16,02:00, ,-5.0,,-13.9,,50.0,,,M,,M,,,100.2,,,,,,
363,2017,3,16,03:00, ,-5.4,,-14.2,,50.0,,,M,,M,,,100.2,,,,,,
364,2017,3,16,04:00, ,-6.1,,-13.6,,55.0,,,M,,M,,,100.24,,,,,,
365,2017,3,16,05:00, ,-6.5,,-12.7,,61.0,,,M,,M,,,100.29,,,,,,
366,2017,3,16,06:00, ,-6.2,,-12.1,,63.0,,,M,,M,,,100.36,,,,,,
367,2017,3,16,07:00, ,-5.9,,-12.6,,59.0,,,M,,M,,,100.41,,,,,,
368,2017,3,16,08:00, ,-4.3,,-11.9,,55.0,,,M,,M,,,100.44,,,,,,
369,2017,3,16,09:00, ,-3.1,,-10.8,,55.0,,,M,,M,,,100.49,,,,,,
370,2017,3,16,10:00, ,-1.7,,-9.7,,55.0,,,M,,M,,,100.53,,,,,,
371,2017,3,16,11:00, ,-0.7,,-10.1,,49.0,,,M,,M,,,100.54,,,,,,
372,2017,3,16,12:00, ,0.7,,-9.7,,46.0,,,M,,M,,,100.53,,,,,,
373,2017,3,16,13:00, ,1.1,,-11.9,,37.0,,,M,,M,,,100.51,,,,,,
374,2017,3,16,14:00, ,2.3,,-12.0,,34.0,,,M,,M,,,100.48,,,,,,
375,2017,3,16,15:00, ,2.4,,-10.6,,38.0,,,M,,M,,,100.48,,,,,,
376,2017,3,16,16:00, ,2.0,,-10.9,,38.0,,,M,,M,,,100.49,,,,,,
377,2017,3,16,17:00, ,1.7,,-11.6,,36.0,,,M,,M,,,100.53,,,,,,
378,2017,3,16,18:00, ,1.0,,-11.6,,39.0,,,M,,M,,,100.6,,,,,,
379,2017,3,16,19:00, ,0.1,,-11.2,,42.0,,,M,,M,,,100.69,,,,,,
380,2017,3,16,20:00, ,-0.3,,-10.9,,44.0,,,M,,M,,,100.76,,,,,,
381,2017,3,16,21:00, ,-0.7,,-10.1,,49.0,,,M,,M,,,100.8,,,,,,
382,2017,3,16,22:00, ,-1.2,,-9.1,,55.0,,,M,,M,,,100.82,,,,,,
383,2017,3,16,23:00, ,-1.8,,-8.1,,62.0,,,M,,M,,,100.84,,,,,,
384,2017,3,17,00:00, ,-1.9,,-7.7,,64.0,,,M,,M,,,100.86,,,,,,
385,2017,3,17,01:00, ,-2.2,,-8.0,,64.0,,,M,,M,,,100.89,,,,,,
386,2017,3,17,02:00, ,-2.8,,-8.2,,66.0,,,M,,M,,,100.9,,,,,,
387,2017,3,17,03:00, ,-2.8,,-8.0,,67.0,,,M,,M,,,100.9,,,,,,
388,2017,3,17,04:00, ,-2.9,,-8.4,,66.0,,,M,,M,,,100.94,,,,,,
389,2017,3,17,05:00, ,-3.5,,-8.4,,69.0,,,M,,M,,,100.97,,,,,,
390,2017,3,17,06:00, ,-3.1,,-8.1,,68.0,,,M,,M,,,101.02,,,,,,
391,2017,3,17,07:00, ,-3.5,,-8.1,,70.0,,,M,,M,,,101.05,,,,,,
392,2017,3,17,08:00, ,-1.4,,-7.3,,64.0,,,M,,M,,,101.06,,,,,,
393,2017,3,17,09:00, ,1.3,,-6.6,,56.0,,,M,,M,,,101.08,,,,,,
394,2017,3,17,10:00, ,2.6,,-7.1,,49.0,,,M,,M,,,101.09,,,,,,
395,2017,3,17,11:00, ,4.0,,-8.2,,40.0,,,M,,M,,,101.04,,,,,,
396,2017,3,17,12:00, ,3.5,,-7.3,,45.0,,,M,,M,,,101.02,,,,,,
397,2017,3,17,13:00, ,3.6,,-6.6,,47.0,,,M,,M,,,100.96,,,,,,
398,2017,3,17,14:00, ,4.3,,-6.1,,47.0,,,M,,M,,,100.84,,,,,,
399,2017,3,17,15:00, ,4.6,,-6.3,,45.0,,,M,,M,,,100.78,,,,,,
400,2017,3,17,16:00, ,4.5,,-4.8,,51.0,,,M,,M,,,100.73,,,,,,
401,2017,3,17,17:00, ,4.0,,-6.1,,48.0,,,M,,M,,,100.69,,,,,,
402,2017,3,17,18:00, ,3.9,,-6.5,,47.0,,,M,,M,,,100.68,,,,,,
403,2017,3,17,19:00, ,3.9,,-6.8,,46.0,,,M,,M,,,100.66,,,,,,
404,2017,3,17,20:00, ,3.4,,-4.5,,56.0,,,M,,M,,,100.65,,,,,,
405,2017,3,17,21:00, ,3.2,,-6.1,,50.0,,,M,,M,,,100.64,,,,,,
406,2017,3,17,22:00, ,3.2,,-4.4,,58.0,,,M,,M,,,100.6,,,,,,
407,2017,3,17,23:00, ,2.9,,-3.6,,62.0,,,M,,M,,,100.57,,,,,,
408,2017,3,18,00:00, ,2.6,,-4.4,,60.0,,,M,,M,,,100.53,,,,,,
409,2017,3,18,01:00, ,2.5,,-4.8,,58.0,,,M,,M,,,100.48,,,,,,
410,2017,3,18,02:00, ,2.9,,-5.8,,53.0,,,M,,M,,,100.4,,,,,,
411,2017,3,18,03:00, ,2.7,,-4.4,,59.0,,,M,,M,,,100.32,,,,,,
412,2017,3,18,04:00, ,2.4,,-4.2,,62.0,,,M,,M,,,100.27,,,,,,
413,2017,3,18,05:00, ,2.7,,-4.5,,59.0,,,M,,M,,,100.29,,,,,,
414,2017,3,18,06:00, ,2.4,,-4.1,,62.0,,,M,,M,,,100.27,,,,,,
415,2017,3,18,07:00, ,2.2,,-3.6,,65.0,,,M,,M,,,100.3,,,,,,
416,2017,3,18,08:00, ,2.2,,-3.2,,67.0,,,M,,M,,,100.28,,,,,,
417,2017,3,18,09:00, ,0.8,,-1.0,,88.0,,,M,,M,,,100.29,,,,,,
418,2017,3,18,10:00, ,0.3,,-1.0,,91.0,,,M,,M,,,100.3,,,,,,
419,2017,3,18,11:00, ,0.5,,-1.1,,89.0,,,M,,M,,,100.28,,,,,,
420,2017,3,18,12:00, ,0.7,,-0.8,,90.0,,,M,,M,,,100.3,,,,,,
421,2017,3,18,13:00, ,0.7,,-0.8,,90.0,,,M,,M,,,100.29,,,,,,
422,2017,3,18,14:00, ,0.2,,-1.3,,89.0,,,M,,M,,,100.3,,,,,,
423,2017,3,18,15:00, ,0.2,,-1.5,,89.0,,,M,,M,,,100.31,,,,,,
424,2017,3,18,16:00, ,0.3,,-1.3,,89.0,,,M,,M,,,100.35,,,,,,
425,2017,3,18,17:00, ,0.6,,-1.1,,88.0,,,M,,M,,,100.4,,,,,,
426,2017,3,18,18:00, ,0.6,,-1.0,,89.0,,,M,,M,,,100.49,,,,,,
427,2017,3,18,19:00, ,0.7,,-0.7,,90.0,,,M,,M,,,100.57,,,,,,
428,2017,3,18,20:00, ,0.9,,-0.8,,88.0,,,M,,M,,,100.66,,,,,,
429,2017,3,18,21:00, ,1.1,,-0.4,,90.0,,,M,,M,,,100.71,,,,,,
430,2017,3,18,22:00, ,1.0,,-0.2,,92.0,,,M,,M,,,100.75,,,,,,
431,2017,3,18,23:00, ,1.3,,-0.1,,90.0,,,M,,M,,,100.81,,,,,,
432,2017,3,19,00:00, ,0.9,,-2.4,,78.0,,,M,,M,,,100.85,,,,,,
433,2017,3,19,01:00, ,0.6,,-5.0,,66.0,,,M,,M,,,100.86,,,,,,
434,2017,3,19,02:00, ,0.5,,-5.1,,66.0,,,M,,M,,,100.89,,,,,,
435,2017,3,19,03:00, ,0.4,,-5.0,,67.0,,,M,,M,,,100.9,,,,,,
436,2017,3,19,04:00, ,1.0,,-4.5,,67.0,,,M,,M,,,100.98,,,,,,
437,2017,3,19,05:00, ,1.0,,-4.6,,66.0,,,M,,M,,,101.06,,,,,,
438,2017,3,19,06:00, ,1.0,,-5.1,,64.0,,,M,,M,,,101.17,,,,,,
439,2017,3,19,07:00, ,1.0,,-5.7,,61.0,,,M,,M,,,101.24,,,,,,
440,2017,3,19,08:00, ,1.4,,-5.1,,62.0,,,M,,M,,,101.29,,,,,,
441,2017,3,19,09:00, ,1.9,,-5.5,,58.0,,,M,,M,,,101.35,,,,,,
442,2017,3,19,10:00, ,3.0,,-4.6,,57.0,,,M,,M,,,101.34,,,,,,
443,2017,3,19,11:00, ,4.4,,-2.6,,60.0,,,M,,M,,,101.35,,,,,,
444,2017,3,19,12:00, ,5.2,,-3.1,,55.0,,,M,,M,,,101.33,,,,,,
445,2017,3,19,13:00, ,5.2,,-2.6,,57.0,,,M,,M,,,101.3,,,,,,
446,2017,3,19,14:00, ,5.8,,-1.1,,61.0,,,M,,M,,,101.25,,,,,,
447,2017,3,19,15:00, ,5.0,,-1.4,,63.0,,,M,,M,,,101.2,,,,,,
448,2017,3,19,16:00, ,4.1,,-1.8,,66.0,,,M,,M,,,101.16,,,,,,
449,2017,3,19,17:00, ,3.7,,-1.5,,69.0,,,M,,M,,,101.12,,,,,,
450,2017,3,19,18:00, ,3.6,,-1.6,,69.0,,,M,,M,,,101.12,,,,,,
451,2017,3,19,19:00, ,3.0,,-0.9,,76.0,,,M,,M,,,101.12,,,,,,
452,2017,3,19,20:00, ,3.4,,-0.7,,75.0,,,M,,M,,,101.1,,,,,,
453,2017,3,19,21:00, ,3.4,,0.0,,78.0,,,M,,M,,,101.11,,,,,,
454,2017,3,19,22:00, ,2.8,,0.4,,85.0,,,M,,M,,,101.11,,,,,,
455,2017,3,19,23:00, ,2.2,,0.2,,87.0,,,M,,M,,,101.04,,,,,,
456,2017,3,20,00:00, ,2.1,,-0.3,,84.0,,,M,,M,,,100.99,,,,,,
457,2017,3,20,01:00, ,1.8,,-0.2,,87.0,,,M,,M,,,100.98,,,,,,
458,2017,3,20,02:00, ,1.6,,-0.9,,84.0,,,M,,M,,,100.97,,,,,,
459,2017,3,20,03:00, ,1.1,,-1.3,,84.0,,,M,,M,,,100.97,,,,,,
460,2017,3,20,04:00, ,1.1,,-1.4,,83.0,,,M,,M,,,100.92,,,,,,
461,2017,3,20,05:00, ,1.5,,-1.3,,82.0,,,M,,M,,,100.88,,,,,,
462,2017,3,20,06:00, ,1.6,,-1.0,,83.0,,,M,,M,,,100.81,,,,,,
463,2017,3,20,07:00, ,1.8,,-0.8,,83.0,,,M,,M,,,100.75,,,,,,
464,2017,3,20,08:00, ,1.7,,-0.3,,86.0,,,M,,M,,,100.74,,,,,,
465,2017,3,20,09:00, ,1.8,,-0.3,,86.0,,,M,,M,,,100.76,,,,,,
466,2017,3,20,10:00, ,2.2,,-0.6,,82.0,,,M,,M,,,100.76,,,,,,
467,2017,3,20,11:00, ,2.8,,-0.3,,80.0,,,M,,M,,,100.72,,,,,,
468,2017,3,20,12:00, ,3.7,,-0.1,,76.0,,,M,,M,,,100.66,,,,,,
469,2017,3,20,13:00, ,4.6,,0.0,,72.0,,,M,,M,,,100.58,,,,,,
470,2017,3,20,14:00, ,4.6,,-0.1,,72.0,,,M,,M,,,100.48,,,,,,
471,2017,3,20,15:00, ,5.0,,-0.1,,70.0,,,M,,M,,,100.4,,,,,,
472,2017,3,20,16:00, ,5.0,,-0.2,,69.0,,,M,,M,,,100.35,,,,,,
473,2017,3,20,17:00, ,4.8,,-0.3,,69.0,,,M,,M,,,100.31,,,,,,
474,2017,3,20,18:00, ,4.7,,0.1,,72.0,,,M,,M,,,100.3,,,,,,
475,2017,3,20,19:00, ,4.7,,0.1,,72.0,,,M,,M,,,100.29,,,,,,
476,2017,3,20,20:00, ,4.5,,0.5,,75.0,,,M,,M,,,100.31,,,,,,
477,2017,3,20,21:00, ,4.5,,1.2,,79.0,,,M,,M,,,100.29,,,,,,
478,2017,3,20,22:00, ,4.5,,1.2,,79.0,,,M,,M,,,100.17,,,,,,
479,2017,3,20,23:00, ,4.7,,1.2,,78.0,,,M,,M,,,100.18,,,,,,
480,2017,3,21,00:00, ,4.9,,1.3,,77.0,,,M,,M,,,100.16,,,,,,
481,2017,3,21,01:00, ,5.0,,1.3,,77.0,,,M,,M,,,100.12,,,,,,
482,2017,3,21,02:00, ,4.9,,1.5,,79.0,,,M,,M,,,100.1,,,,,,
483,2017,3,21,03:00, ,4.9,,1.5,,79.0,,,M,,M,,,100.08,,,,,,
484,2017,3,21,04:00, ,5.2,,1.8,,79.0,,,M,,M,,,100.04,,,,,,
485,2017,3,21,05:00, ,4.6,,1.1,,78.0,,,M,,M,,,100.07,,,,,,
486,2017,3,21,06:00, ,3.6,,1.0,,83.0,,,M,,M,,,100.07,,,,,,
487,2017,3,21,07:00, ,3.1,,0.6,,84.0,,,M,,M,,,100.07,,,,,,
488,2017,3,21,08:00, ,5.3,,0.8,,73.0,,,M,,M,,,100.07,,,,,,
489,2017,3,21,09:00, ,7.3,,-0.1,,59.0,,,M,,M,,,100.06,,,,,,
490,2017,3,21,10:00, ,9.5,,-0.8,,49.0,,,M,,M,,,100.05,,,,,,
491,2017,3,21,11:00, ,11.4,,-11.3,,19.0,,,M,,M,,,100.02,,,,,,
492,2017,3,21,12:00, ,11.6,,-13.6,,16.0,,,M,,M,,,99.98,,,,,,
493,2017,3,21,13:00, ,12.8,,-11.0,,18.0,,,M,,M,,,99.9,,,,,,
494,2017,3,21,14:00, ,12.5,,-11.2,,18.0,,,M,,M,,,99.82,,,,,,
495,2017,3,21,15:00, ,11.8,,-8.1,,24.0,,,M,,M,,,99.76,,,,,,
496,2017,3,21,16:00, ,10.1,,-5.5,,33.0,,,M,,M,,,99.84,,,,,,
497,2017,3,21,17:00, ,7.1,,-6.6,,37.0,,,M,,M,,,99.96,,,,,,
498,2017,3,21,18:00, ,5.1,,-6.6,,43.0,,,M,,M,,,100.06,,,,,,
499,2017,3,21,19:00, ,3.6,,-5.7,,51.0,,,M,,M,,,100.14,,,,,,
500,2017,3,21,20:00, ,2.5,,-4.3,,61.0,,,M,,M,,,100.23,,,,,,
501,2017,3,21,21:00, ,1.3,,-4.6,,65.0,,,M,,M,,,100.31,,,,,,
502,2017,3,21,22:00, ,0.9,,-8.4,,50.0,,,M,,M,,,100.38,,,,,,
503,2017,3,21,23:00, ,-0.3,,-10.5,,46.0,,,M,,M,,,100.48,,,,,,
504,2017,3,22,00:00, ,-1.3,,-11.3,,46.0,,,M,,M,,,100.6,,,,,,
505,2017,3,22,01:00, ,-2.7,,-12.6,,46.0,,,M,,M,,,100.74,,,,,,
506,2017,3,22,02:00, ,-4.4,,-14.6,,45.0,,,M,,M,,,100.91,,,,,,
507,2017,3,22,03:00, ,-5.5,,-16.6,,41.0,,,M,,M,,,101.04,,,,,,
508,2017,3,22,04:00, ,-6.3,,-18.3,,38.0,,,M,,M,,,101.19,,,,,,
509,2017,3,22,05:00, ,-6.8,,-17.9,,41.0,,,M,,M,,,101.32,,,,,,
510,2017,3,22,06:00, ,-7.5,,-18.9,,40.0,,,M,,M,,,101.47,,,,,,
511,2017,3,22,07:00, ,-8.2,,-19.7,,39.0,,,M,,M,,,101.61,,,,,,
512,2017,3,22,08:00, ,-7.7,,-20.3,,36.0,,,M,,M,,,101.72,,,,,,
513,2017,3,22,09:00, ,-7.3,,-22.5,,28.0,,,M,,M,,,101.81,,,,,,
514,2017,3,22,10:00, ,-6.2,,-21.1,,30.0,,,M,,M,,,101.92,,,,,,
515,2017,3,22,11:00, ,-5.2,,-17.5,,37.0,,,M,,M,,,101.9,,,,,,
516,2017,3,22,12:00, ,-3.8,,-17.5,,34.0,,,M,,M,,,101.94,,,,,,
517,2017,3,22,13:00, ,-3.6,,-18.4,,31.0,,,M,,M,,,101.96,,,,,,
518,2017,3,22,14:00, ,-2.9,,-16.9,,33.0,,,M,,M,,,101.9,,,,,,
519,2017,3,22,15:00, ,-2.4,,-17.4,,30.0,,,M,,M,,,101.88,,,,,,
520,2017,3,22,16:00, ,-2.1,,-16.8,,31.0,,,M,,M,,,101.9,,,,,,
521,2017,3,22,17:00, ,-2.3,,-16.0,,34.0,,,M,,M,,,101.91,,,,,,
522,2017,3,22,18:00, ,-2.7,,-14.3,,40.0,,,M,,M,,,101.91,,,,,,
523,2017,3,22,19:00, ,-3.4,,-13.7,,45.0,,,M,,M,,,101.94,,,,,,
524,2017,3,22,20:00, ,-4.0,,-12.9,,50.0,,,M,,M,,,101.98,,,,,,
525,2017,3,22,21:00, ,-4.9,,-12.6,,55.0,,,M,,M,,,102.02,,,,,,
526,2017,3,22,22:00, ,-5.4,,-11.4,,63.0,,,M,,M,,,102.03,,,,,,
527,2017,3,22,23:00, ,-5.5,,-11.2,,64.0,,,M,,M,,,102.03,,,,,,
528,2017,3,23,00:00, ,-5.6,,-11.2,,65.0,,,M,,M,,,102.03,,,,,,
529,2017,3,23,01:00, ,-5.8,,-12.0,,61.0,,,M,,M,,,102.04,,,,,,
530,2017,3,23,02:00, ,-6.1,,-11.8,,64.0,,,M,,M,,,102.05,,,,,,
531,2017,3,23,03:00, ,-6.2,,-11.4,,67.0,,,M,,M,,,102.08,,,,,,
532,2017,3,23,04:00, ,-6.5,,-11.4,,68.0,,,M,,M,,,102.11,,,,,,
533,2017,3,23,05:00, ,-6.8,,-11.2,,71.0,,,M,,M,,,102.12,,,,,,
534,2017,3,23,06:00, ,-6.7,,-11.0,,72.0,,,M,,M,,,102.16,,,,,,
535,2017,3,23,07:00, ,-6.0,,-10.6,,70.0,,,M,,M,,,102.18,,,,,,
536,2017,3,23,08:00, ,-4.3,,-10.1,,64.0,,,M,,M,,,102.24,,,,,,
537,2017,3,23,09:00, ,-3.0,,-9.4,,61.0,,,M,,M,,,102.26,,,,,,
538,2017,3,23,10:00, ,-1.1,,-8.8,,56.0,,,M,,M,,,102.24,,,,,,
539,2017,3,23,11:00, ,-1.3,,-8.6,,58.0,,,M,,M,,,102.23,,,,,,
540,2017,3,23,12:00, ,-0.8,,-10.3,,49.0,,,M,,M,,,102.19,,,,,,
541,2017,3,23,13:00, ,0.2,,-11.9,,40.0,,,M,,M,,,102.07,,,,,,
542,2017,3,23,14:00, ,0.7,,-14.7,,30.0,,,M,,M,,,101.97,,,,,,
543,2017,3,23,15:00, ,1.8,,-15.8,,26.0,,,M,,M,,,101.84,,,,,,
544,2017,3,23,16:00, ,1.6,,-11.5,,37.0,,,M,,M,,,101.74,,,,,,
545,2017,3,23,17:00, ,1.5,,-10.6,,40.0,,,M,,M,,,101.68,,,,,,
546,2017,3,23,18:00, ,1.1,,-8.3,,49.0,,,M,,M,,,101.64,,,,,,
547,2017,3,23,19:00, ,0.5,,-7.3,,56.0,,,M,,M,,,101.59,,,,,,
548,2017,3,23,20:00, ,0.6,,-6.4,,60.0,,,M,,M,,,101.59,,,,,,
549,2017,3,23,21:00, ,0.7,,-4.9,,66.0,,,M,,M,,,101.47,,,,,,
550,2017,3,23,22:00, ,1.1,,-3.7,,71.0,,,M,,M,,,101.29,,,,,,
551,2017,3,23,23:00, ,1.7,,-4.0,,66.0,,,M,,M,,,101.2,,,,,,
552,2017,3,24,00:00, ,2.0,,-5.4,,58.0,,,M,,M,,,101.07,,,,,,
553,2017,3,24,01:00, ,2.1,,-4.6,,61.0,,,M,,M,,,100.97,,,,,,
554,2017,3,24,02:00, ,2.2,,-4.0,,63.0,,,M,,M,,,100.83,,,,,,
555,2017,3,24,03:00, ,2.2,,-3.6,,66.0,,,M,,M,,,100.68,,,,,,
556,2017,3,24,04:00, ,1.5,,-3.2,,71.0,,,M,,M,,,100.72,,,,,,
557,2017,3,24,05:00, ,1.4,,-1.2,,83.0,,,M,,M,,,100.66,,,,,,
558,2017,3,24,06:00, ,1.4,,0.5,,93.0,,,M,,M,,,100.6,,,,,,
559,2017,3,24,07:00, ,1.7,,0.8,,94.0,,,M,,M,,,100.51,,,,,,
560,2017,3,24,08:00, ,2.1,,1.0,,93.0,,,M,,M,,,100.46,,,,,,
561,2017,3,24,09:00, ,2.9,,1.4,,90.0,,,M,,M,,,100.36,,,,,,
562,2017,3,24,10:00, ,3.9,,1.8,,86.0,,,M,,M,,,100.26,,,,,,
563,2017,3,24,11:00, ,4.8,,1.9,,82.0,,,M,,M,,,100.2,,,,,,
564,2017,3,24,12:00, ,6.0,,2.1,,76.0,,,M,,M,,,100.15,,,,,,
565,2017,3,24,13:00, ,9.5,,4.3,,70.0,,,M,,M,,,100.02,,,,,,
566,2017,3,24,14:00, ,12.1,,5.4,,64.0,,,M,,M,,,99.95,,,,,,
567,2017,3,24,15:00, ,11.6,,5.3,,65.0,,,M,,M,,,99.93,,,,,,
568,2017,3,24,16:00, ,11.0,,4.6,,64.0,,,M,,M,,,99.93,,,,,,
569,2017,3,24,17:00, ,9.9,,4.2,,67.0,,,M,,M,,,99.97,,,,,,
570,2017,3,24,18:00, ,11.7,,5.6,,66.0,,,M,,M,,,100.1,,,,,,
571,2017,3,24,19:00, ,9.0,,3.8,,70.0,,,M,,M,,,100.27,,,,,,
572,2017,3,24,20:00, ,7.2,,3.3,,76.0,,,M,,M,,,100.42,,,,,,
573,2017,3,24,21:00, ,6.6,,2.8,,77.0,,,M,,M,,,100.62,,,,,,
574,2017,3,24,22:00, ,5.8,,2.8,,81.0,,,M,,M,,,100.61,,,,,,
575,2017,3,24,23:00, ,5.5,,2.7,,82.0,,,M,,M,,,100.59,,,,,,
576,2017,3,25,00:00, ,4.9,,3.0,,87.0,,,M,,M,,,100.68,,,,,,
577,2017,3,25,01:00, ,4.5,,2.7,,88.0,,,M,,M,,,100.69,,,,,,
578,2017,3,25,02:00, ,4.1,,2.3,,88.0,,,M,,M,,,100.7,,,,,,
579,2017,3,25,03:00, ,4.0,,2.2,,88.0,,,M,,M,,,100.74,,,,,,
580,2017,3,25,04:00, ,3.7,,1.9,,88.0,,,M,,M,,,100.74,,,,,,
581,2017,3,25,05:00, ,3.4,,1.6,,88.0,,,M,,M,,,100.81,,,,,,
582,2017,3,25,06:00, ,2.4,,1.4,,93.0,,,M,,M,,,100.91,,,,,,
583,2017,3,25,07:00, ,2.3,,1.3,,93.0,,,M,,M,,,101.02,,,,,,
584,2017,3,25,08:00, ,2.2,,0.7,,90.0,,,M,,M,,,101.1,,,,,,
585,2017,3,25,09:00, ,2.3,,0.7,,89.0,,,M,,M,,,101.21,,,,,,
586,2017,3,25,10:00, ,2.5,,0.9,,89.0,,,M,,M,,,101.3,,,,,,
587,2017,3,25,11:00, ,2.6,,1.1,,89.0,,,M,,M,,,101.35,,,,,,
588,2017,3,25,12:00, ,2.8,,0.5,,84.0,,,M,,M,,,101.36,,,,,,
589,2017,3,25,13:00, ,2.9,,-0.5,,78.0,,,M,,M,,,101.39,,,,,,
590,2017,3,25,14:00, ,3.7,,-0.4,,75.0,,,M,,M,,,101.37,,,,,,
591,2017,3,25,15:00, ,3.5,,-0.1,,78.0,,,M,,M,,,101.39,,,,,,
592,2017,3,25,16:00, ,3.7,,0.2,,78.0,,,M,,M,,,101.4,,,,,,
593,2017,3,25,17:00, ,3.5,,0.0,,78.0,,,M,,M,,,101.4,,,,,,
594,2017,3,25,18:00, ,3.2,,0.2,,81.0,,,M,,M,,,101.37,,,,,,
595,2017,3,25,19:00, ,3.1,,0.2,,82.0,,,M,,M,,,101.4,,,,,,
596,2017,3,25,20:00, ,3.0,,0.2,,82.0,,,M,,M,,,101.5,,,,,,
597,2017,3,25,21:00, ,2.9,,0.2,,83.0,,,M,,M,,,101.47,,,,,,
598,2017,3,25,22:00, ,2.7,,0.2,,84.0,,,M,,M,,,101.43,,,,,,
599,2017,3,25,23:00, ,2.4,,-1.0,,79.0,,,M,,M,,,101.41,,,,,,
600,2017,3,26,00:00, ,2.1,,-1.5,,77.0,,,M,,M,,,101.38,,,,,,
601,2017,3,26,01:00, ,1.8,,-1.5,,79.0,,,M,,M,,,101.31,,,,,,
602,2017,3,26,02:00, ,1.8,,-0.9,,82.0,,,M,,M,,,101.31,,,,,,
603,2017,3,26,03:00, ,1.1,,-0.5,,89.0,,,M,,M,,,101.17,,,,,,
604,2017,3,26,04:00, ,1.4,,-0.6,,87.0,,,M,,M,,,101.11,,,,,,
605,2017,3,26,05:00, ,1.6,,-0.5,,86.0,,,M,,M,,,101.04,,,,,,
606,2017,3,26,06:00, ,2.1,,0.2,,87.0,,,M,,M,,,101.02,,,,,,
607,2017,3,26,07:00, ,2.4,,0.6,,88.0,,,M,,M,,,100.99,,,,,,
608,2017,3,26,08:00, ,2.6,,1.0,,89.0,,,M,,M,,,100.9,,,,,,
609,2017,3,26,09:00, ,2.8,,1.0,,89.0,,,M,,M,,,100.86,,,,,,
610,2017,3,26,10:00, ,2.9,,0.6,,85.0,,,M,,M,,,100.82,,,,,,
611,2017,3,26,11:00, ,3.0,,0.7,,85.0,,,M,,M,,,100.81,,,,,,
612,2017,3,26,12:00, ,2.6,,1.1,,90.0,,,M,,M,,,100.72,,,,,,
613,2017,3,26,13:00, ,2.7,,1.0,,88.0,,,M,,M,,,100.65,,,,,,
614,2017,3,26,14:00, ,3.3,,0.9,,84.0,,,M,,M,,,100.5,,,,,,
615,2017,3,26,15:00, ,4.1,,1.1,,81.0,,,M,,M,,,100.41,,,,,,
616,2017,3,26,16:00, ,4.4,,1.3,,81.0,,,M,,M,,,100.37,,,,,,
617,2017,3,26,17:00, ,4.8,,1.8,,81.0,,,M,,M,,,100.32,,,,,,
618,2017,3,26,18:00, ,5.0,,2.0,,81.0,,,M,,M,,,100.26,,,,,,
619,2017,3,26,19:00, ,4.7,,2.3,,84.0,,,M,,M,,,100.24,,,,,,
620,2017,3,26,20:00, ,5.2,,2.7,,84.0,,,M,,M,,,100.21,,,,,,
621,2017,3,26,21:00, ,5.7,,3.2,,84.0,,,M,,M,,,100.17,,,,,,
622,2017,3,26,22:00, ,6.0,,4.2,,88.0,,,M,,M,,,100.12,,,,,,
623,2017,3,26,23:00, ,6.2,,4.6,,90.0,,,M,,M,,,100.07,,,,,,
624,2017,3,27,00:00, ,6.5,,5.3,,92.0,,,M,,M,,,99.99,,,,,,
625,2017,3,27,01:00, ,6.6,,5.3,,91.0,,,M,,M,,,99.92,,,,,,
626,2017,3,27,02:00, ,6.7,,5.3,,91.0,,,M,,M,,,99.89,,,,,,
627,2017,3,27,03:00, ,6.8,,5.4,,91.0,,,M,,M,,,99.81,,,,,,
628,2017,3,27,04:00, ,6.6,,5.8,,95.0,,,M,,M,,,99.77,,,,,,
629,2017,3,27,05:00, ,6.6,,5.9,,95.0,,,M,,M,,,99.78,,,,,,
630,2017,3,27,06:00, ,6.8,,6.1,,95.0,,,M,,M,,,99.8,,,,,,
631,2017,3,27,07:00, ,7.3,,6.5,,95.0,,,M,,M,,,99.83,,,,,,
632,2017,3,27,08:00, ,8.1,,7.2,,94.0,,,M,,M,,,99.8,,,,,,
633,2017,3,27,09:00, ,8.2,,7.5,,95.0,,,M,,M,,,99.79,,,,,,
634,2017,3,27,10:00, ,8.9,,8.0,,94.0,,,M,,M,,,99.84,,,,,,
635,2017,3,27,11:00, ,10.1,,8.3,,89.0,,,M,,M,,,99.85,,,,,,
636,2017,3,27,12:00, ,11.4,,9.1,,85.0,,,M,,M,,,99.83,,,,,,
637,2017,3,27,13:00, ,13.7,,10.0,,78.0,,,M,,M,,,99.79,,,,,,
638,2017,3,27,14:00, ,13.9,,10.2,,78.0,,,M,,M,,,99.78,,,,,,
639,2017,3,27,15:00, ,12.7,,8.7,,77.0,,,M,,M,,,99.77,,,,,,
640,2017,3,27,16:00, ,12.9,,8.7,,76.0,,,M,,M,,,99.76,,,,,,
641,2017,3,27,17:00, ,12.8,,8.7,,76.0,,,M,,M,,,99.78,,,,,,
642,2017,3,27,18:00, ,14.1,,10.0,,76.0,,,M,,M,,,99.79,,,,,,
643,2017,3,27,19:00, ,13.8,,10.0,,78.0,,,M,,M,,,99.82,,,,,,
644,2017,3,27,20:00, ,13.5,,9.7,,78.0,,,M,,M,,,99.84,,,,,,
645,2017,3,27,21:00, ,13.0,,9.6,,80.0,,,M,,M,,,99.84,,,,,,
646,2017,3,27,22:00, ,10.8,,8.4,,85.0,,,M,,M,,,99.88,,,,,,
647,2017,3,27,23:00, ,10.5,,9.2,,92.0,,,M,,M,,,99.86,,,,,,
648,2017,3,28,00:00, ,11.2,,9.7,,90.0,,,M,,M,,,99.82,,,,,,
649,2017,3,28,01:00, ,10.8,,8.7,,87.0,,,M,,M,,,99.82,,,,,,
650,2017,3,28,02:00, ,10.6,,8.3,,86.0,,,M,,M,,,99.81,,,,,,
651,2017,3,28,03:00, ,9.5,,7.1,,85.0,,,M,,M,,,99.81,,,,,,
652,2017,3,28,04:00, ,8.2,,6.1,,87.0,,,M,,M,,,99.83,,,,,,
653,2017,3,28,05:00, ,7.4,,5.0,,85.0,,,M,,M,,,99.87,,,,,,
654,2017,3,28,06:00, ,6.7,,4.2,,84.0,,,M,,M,,,99.95,,,,,,
655,2017,3,28,07:00, ,6.0,,3.0,,81.0,,,M,,M,,,100.01,,,,,,
656,2017,3,28,08:00, ,5.7,,2.7,,81.0,,,M,,M,,,100.07,,,,,,
657,2017,3,28,09:00, ,6.2,,2.6,,78.0,,,M,,M,,,100.13,,,,,,
658,2017,3,28,10:00, ,7.0,,3.1,,76.0,,,M,,M,,,100.16,,,,,,
659,2017,3,28,11:00, ,7.0,,3.1,,76.0,,,M,,M,,,100.19,,,,,,
660,2017,3,28,12:00, ,8.0,,2.6,,69.0,,,M,,M,,,100.16,,,,,,
661,2017,3,28,13:00, ,9.8,,3.5,,65.0,,,M,,M,,,100.17,,,,,,
662,2017,3,28,14:00, ,10.3,,3.2,,61.0,,,M,,M,,,100.18,,,,,,
663,2017,3,28,15:00, ,9.5,,2.8,,63.0,,,M,,M,,,100.24,,,,,,
664,2017,3,28,16:00, ,9.3,,2.7,,63.0,,,M,,M,,,100.31,,,,,,
665,2017,3,28,17:00, ,8.3,,2.4,,66.0,,,M,,M,,,100.39,,,,,,
666,2017,3,28,18:00, ,7.5,,2.3,,69.0,,,M,,M,,,100.48,,,,,,
667,2017,3,28,19:00, ,6.4,,1.9,,73.0,,,M,,M,,,100.58,,,,,,
668,2017,3,28,20:00, ,5.7,,1.4,,74.0,,,M,,M,,,100.65,,,,,,
669,2017,3,28,21:00, ,5.1,,-0.2,,69.0,,,M,,M,,,100.71,,,,,,
670,2017,3,28,22:00, ,4.7,,-0.4,,70.0,,,M,,M,,,100.74,,,,,,
671,2017,3,28,23:00, ,4.4,,-0.7,,70.0,,,M,,M,,,100.78,,,,,,
672,2017,3,29,00:00, ,4.3,,-0.7,,70.0,,,M,,M,,,100.78,,,,,,
673,2017,3,29,01:00, ,4.6,,-1.2,,66.0,,,M,,M,,,100.84,,,,,,
674,2017,3,29,02:00, ,4.2,,-1.3,,67.0,,,M,,M,,,100.9,,,,,,
675,2017,3,29,03:00, ,4.3,,-1.8,,65.0,,,M,,M,,,100.88,,,,,,
676,2017,3,29,04:00, ,4.2,,-2.2,,63.0,,,M,,M,,,100.87,,,,,,
677,2017,3,29,05:00, ,4.1,,-2.6,,62.0,,,M,,M,,,100.89,,,,,,
678,2017,3,29,06:00, ,4.0,,-2.6,,62.0,,,M,,M,,,100.95,,,,,,
679,2017,3,29,07:00, ,4.5,,-2.4,,61.0,,,M,,M,,,101.03,,,,,,
680,2017,3,29,08:00, ,4.8,,-2.3,,60.0,,,M,,M,,,101.1,,,,,,
681,2017,3,29,09:00, ,6.1,,-2.3,,55.0,,,M,,M,,,101.12,,,,,,
682,2017,3,29,10:00, ,6.8,,-2.3,,52.0,,,M,,M,,,101.18,,,,,,
683,2017,3,29,11:00, ,6.8,,-2.1,,53.0,,,M,,M,,,101.2,,,,,,
684,2017,3,29,12:00, ,8.0,,-2.5,,47.0,,,M,,M,,,101.15,,,,,,
685,2017,3,29,13:00, ,8.1,,-3.2,,45.0,,,M,,M,,,101.11,,,,,,
686,2017,3,29,14:00, ,7.3,,-3.9,,45.0,,,M,,M,,,101.1,,,,,,
687,2017,3,29,15:00, ,7.1,,-3.8,,46.0,,,M,,M,,,101.12,,,,,,
688,2017,3,29,16:00, ,7.4,,-3.3,,46.0,,,M,,M,,,101.14,,,,,,
689,2017,3,29,17:00, ,7.6,,-2.5,,49.0,,,M,,M,,,101.16,,,,,,
690,2017,3,29,18:00, ,7.0,,-3.4,,48.0,,,M,,M,,,101.18,,,,,,
691,2017,3,29,19:00, ,6.8,,-3.1,,49.0,,,M,,M,,,101.21,,,,,,
692,2017,3,29,20:00, ,6.9,,-4.2,,45.0,,,M,,M,,,101.23,,,,,,
693,2017,3,29,21:00, ,5.9,,-3.3,,52.0,,,M,,M,,,101.18,,,,,,
694,2017,3,29,22:00, ,5.4,,-3.5,,53.0,,,M,,M,,,101.14,,,,,,
695,2017,3,29,23:00, ,4.6,,-2.6,,60.0,,,M,,M,,,101.09,,,,,,
696,2017,3,30,00:00, ,4.4,,-1.9,,64.0,,,M,,M,,,101.12,,,,,,
697,2017,3,30,01:00, ,3.8,,-3.5,,59.0,,,M,,M,,,101.22,,,,,,
698,2017,3,30,02:00, ,3.4,,-3.7,,60.0,,,M,,M,,,101.22,,,,,,
699,2017,3,30,03:00, ,3.3,,-4.4,,57.0,,,M,,M,,,101.25,,,,,,
700,2017,3,30,04:00, ,2.9,,-4.7,,57.0,,,M,,M,,,101.11,,,,,,
701,2017,3,30,05:00, ,2.5,,-4.5,,60.0,,,M,,M,,,101.12,,,,,,
702,2017,3,30,06:00, ,2.7,,-3.7,,63.0,,,M,,M,,,101.07,,,,,,
703,2017,3,30,07:00, ,2.7,,-3.2,,65.0,,,M,,M,,,101.03,,,,,,
704,2017,3,30,08:00, ,3.0,,-3.0,,65.0,,,M,,M,,,101.03,,,,,,
705,2017,3,30,09:00, ,3.2,,-2.9,,64.0,,,M,,M,,,100.92,,,,,,
706,2017,3,30,10:00, ,3.1,,-3.1,,64.0,,,M,,M,,,100.97,,,,,,
707,2017,3,30,11:00, ,3.1,,-3.4,,63.0,,,M,,M,,,100.89,,,,,,
708,2017,3,30,12:00, ,2.8,,-3.4,,63.0,,,M,,M,,,100.84,,,,,,
709,2017,3,30,13:00, ,2.7,,-2.5,,69.0,,,M,,M,,,100.74,,,,,,
710,2017,3,30,14:00, ,3.2,,-5.2,,54.0,,,M,,M,,,100.59,,,,,,
711,2017,3,30,15:00, ,2.9,,-4.7,,57.0,,,M,,M,,,100.48,,,,,,
712,2017,3,30,16:00, ,2.3,,-3.1,,68.0,,,M,,M,,,100.47,,,,,,
713,2017,3,30,17:00, ,0.8,,-0.8,,89.0,,,M,,M,,,100.36,,,,,,
714,2017,3,30,18:00, ,1.0,,-0.3,,91.0,,,M,,M,,,100.35,,,,,,
715,2017,3,30,19:00, ,0.7,,-0.3,,93.0,,,M,,M,,,100.35,,,,,,
716,2017,3,30,20:00, ,0.8,,-0.1,,94.0,,,M,,M,,,100.3,,,,,,
717,2017,3,30,21:00, ,0.9,,-0.2,,93.0,,,M,,M,,,100.15,,,,,,
718,2017,3,30,22:00, ,1.3,,0.1,,91.0,,,M,,M,,,100.1,,,,,,
719,2017,3,30,23:00, ,1.6,,0.2,,91.0,,,M,,M,,,99.98,,,,,,
720,2017,3,31,00:00, ,1.7,,0.7,,93.0,,,M,,M,,,99.96,,,,,,
721,2017,3,31,01:00, ,1.8,,0.8,,93.0,,,M,,M,,,99.64,,,,,,
722,2017,3,31,02:00, ,2.2,,1.2,,93.0,,,M,,M,,,99.74,,,,,,
723,2017,3,31,03:00, ,2.5,,1.5,,93.0,,,M,,M,,,99.62,,,,,,
724,2017,3,31,04:00, ,2.7,,1.6,,93.0,,,M,,M,,,99.55,,,,,,
725,2017,3,31,05:00, ,2.7,,1.8,,93.0,,,M,,M,,,99.5,,,,,,
726,2017,3,31,06:00, ,2.7,,1.8,,94.0,,,M,,M,,,99.48,,,,,,
727,2017,3,31,07:00, ,2.8,,1.9,,94.0,,,M,,M,,,99.46,,,,,,
728,2017,3,31,08:00, ,2.9,,2.1,,95.0,,,M,,M,,,99.44,,,,,,
729,2017,3,31,09:00, ,3.1,,2.3,,95.0,,,M,,M,,,99.43,,,,,,
730,2017,3,31,10:00, ,3.1,,2.2,,94.0,,,M,,M,,,99.4,,,,,,
731,2017,3,31,11:00, ,3.2,,2.3,,94.0,,,M,,M,,,99.36,,,,,,
732,2017,3,31,12:00, ,3.3,,2.4,,94.0,,,M,,M,,,99.32,,,,,,
733,2017,3,31,13:00, ,3.4,,2.4,,93.0,,,M,,M,,,99.31,,,,,,
734,2017,3,31,14:00, ,3.5,,2.4,,92.0,,,M,,M,,,99.29,,,,,,
735,2017,3,31,15:00, ,3.5,,2.4,,92.0,,,M,,M,,,99.27,,,,,,
736,2017,3,31,16:00, ,3.6,,2.3,,91.0,,,M,,M,,,99.29,,,,,,
737,2017,3,31,17:00, ,3.8,,2.3,,90.0,,,M,,M,,,99.32,,,,,,
738,2017,3,31,18:00, ,4.0,,2.5,,90.0,,,M,,M,,,99.39,,,,,,
739,2017,3,31,19:00, ,3.4,,2.2,,92.0,,,M,,M,,,99.42,,,,,,
740,2017,3,31,20:00, ,2.9,,1.5,,91.0,,,M,,M,,,99.49,,,,,,
741,2017,3,31,21:00, ,2.7,,1.3,,90.0,,,M,,M,,,99.53,,,,,,
742,2017,3,31,22:00, ,2.7,,1.1,,90.0,,,M,,M,,,99.56,,,,,,
743,2017,3,31,23:00, ,2.8,,1.6,,92.0,,,M,,M,,,99.59,,,,,,
